{
  "o3": -0.09271007155861674,
  "solar_irradiance_possible_global_horizontal": 0.1970236990325849,
  "h08_tundishlvlinches": 0.00031051029037183764,
  "sr_perc": -342.2344020574793,
  "na_perc": 56.000204436192476,
  "sn_perc": 23.265946924635404,
  "gs_auto_percent": 0.005123604937098011,
  "maximum_intra_hour_wind_speed": 0.05987228535277983,
  "wind_chill_energy": -0.0108274846688005,
  "cd_perc": -845.3974218837357,
  "caster_nbr": -0.08524029905613635,
  "cm_weight": 0.0021513620068702223,
  "c8_caster_amps": -0.008745258512572619,
  "zn_perc": -0.20206167658714688,
  "cloud_ceiling": 0.000944532584453317,
  "solar_irradiance_et": -0.32119801704706286,
  "cm_gauge_target": -7.347353286699804e-05,
  "cm_alloy": 4.8616267579279504e-05,
  "as_perc": 892.8908151832918,
  "wet_bulb_temperature": 0.776110821345168,
  "cm_key": 7.121966216325215e-05,
  "normal_wind_direction": -0.001288563610334914,
  "solar_irradiance_perc_direct": 0.29349957819972144,
  "relative_humidity": -0.04835153625206063,
  "c8_casterstripspeed": -0.0007103654563776485,
  "normal_cloud_cover": 0.07279135558340818,
  "normal_water_equivalent": -0.7697473336208467,
  "normal_relative_humidity": -0.5410295717297929,
  "normal_temperature": -1.4273158974340496,
  "water_equivalent": -0.010552748705475234,
  "c8_tundish_ds_temp": -0.0007081912887847985,
  "minimum_intra_hour_visibility": -0.07063129752526198,
  "probability_of_precipitation": -0.022571449029962165,
  "temperature_with_max_min_inserted": 0.03502929567564195,
  "solar_irradiance_possible": 0.004124561811067906,
  "longitude_of_station": 2.456409106302293e-06,
  "gs_3sigma_percent": 0.06088508670259962,
  "solar_irradiance_beam_horizontal": 0.039958828475029406,
  "cr_perc": -24.23245515042245,
  "coverage_middle": -0.021121969743717273,
  "ti_perc": 281.0791552738295,
  "solar_irradiance_possible_beam_horizontal": 0.2572238033251324,
  "pb_perc": -375.2364125809306,
  "sunshine_perc": 0.0662496393568972,
  "cu_perc": -4.733245880353772,
  "visibility": -0.1946040005822951,
  "solar_irradiance_perc_global": -0.2898222677745963,
  "duration_in_hours": -0.00031270250838133506,
  "center": 0.36908641252000507,
  "hg_perc": 1079.9101281839505,
  "bi_perc": -941.3760379936422,
  "be_perc": -7.6399540027694e-07,
  "ni_perc": 88.5313147433903,
  "b_perc": -566.9006515492947,
  "pressure_mm": -2.5592665995613224,
  "solar_irradiance_beam_normal": -0.006013319455519195,
  "ga_perc": -204.72308077554,
  "coverage_low": 0.002390031879315302,
  "wedge": -0.5160748254475322,
  "minutes_of_sunshine_wbi_calculated": -0.061366777083890156,
  "normal_minutes_of_sunshine": -0.0644662086224912,
  "heat_index": 0.1447302965958812,
  "normal_wet_bulb_temperature": -1.6029730920951124,
  "cm_gauge_average": -1523.318568684796,
  "cm_equipment": -1.8467062545823865e-08,
  "minutes_of_sunshine_total_possible": 0.13651902334829913,
  "v_perc": -33.02948355519599,
  "wind_speed": -0.019070954320755007,
  "normal_visibility": -0.8169755676863986,
  "dew_point_temperature": -0.22180138775746627,
  "snowfall": 3.208097609785909e-08,
  "weight": 0.00013220049267204104,
  "c8_tundish_os_temp": -0.0008187543633653149,
  "elevation_of_station": -1.5546305576208397e-08,
  "solar_irradiance_diffuse": -0.059903684988483974,
  "fe_perc": -0.17488705975894492,
  "cm_gauge_entry": 901.2208231015916,
  "al_perc": 0.5182439934994636,
  "sun_angle_above_horizon": -0.116064538102858,
  "zr_perc": -1090.6128241057681,
  "wind_direction": -0.0033600589559341643,
  "cm_length": -0.036181353389650894,
  "wind_chill": -0.40503230777582644,
  "sun_angle_from_zenith": -0.011838355477294726,
  "sb_perc": 138.19781680576492,
  "normal_wind_speed": 0.34875206295840755,
  "pressure_millibars": 1.8428318096639629,
  "normal_probability_of_precipitation": 0.19990123637294488,
  "li_perc": -5960.335704857707,
  "crown": -0.4572481863669964,
  "speed_gust": -0.025623927271386293,
  "feels_like_temperature": -0.08180346401081806,
  "wbi_2_digit_numeric_weather_code": 0.02112873077889077,
  "latitude_of_station": -6.605205271625891e-11,
  "coverage_high": -4.320099833421409e-12,
  "si_perc": 0.3992294504369891,
  "gauge": -41.373800485978194,
  "normal_pressure_millibars": 1.293537449712133,
  "target_speed": 7.73070496506989e-12,
  "mn_perc": -0.1077317945722917,
  "normal_pressure_mm": -3.2132086905075425,
  "temperature": -0.17844679305198952,
  "normal_snowfall": 0.6590039568096977,
  "cm_width": 0.34465326364593096,
  "solar_irradiance": -0.03975765140651788,
  "d3": -0.27193586773638856,
  "c8_a622_rotor_act_speed": 0.010545071844433096,
  "cloud_cover_perc": 0.005425282251394492,
  "ca_perc": 341.1326328735005,
  "mg_perc": -30.86117807544058,
  "normal_dew_point_temperature": 2.9518784731263565,
  "maximum_intra_hour_speed_gust": -0.03364827277906812,
  "normal_sunshine": -0.06000881057261154
}